Items,LLM Adjusted Items
"PattyBoutik Cowl Neck Backless Chain Draping Halter Top, PattyBoutik Unique V Neck Shawl Collar Short Sleeve Knit Jumper Blouse Tunic Top","PattyBoutik Cowl Neck Backless Chain Draping Halter Top, PattyBoutik Unique V Neck Shawl Collar Short Sleeve Knit Jumper Blouse Tunic Top, High-Waisted Skinny Jeans (Black or Dark Wash), Strappy Heeled Sandals (Neutral or Black), Minimalist Pendant Necklace"
"Pink Queen Rhinestone Leopard Print Bikini Halter Top Hipster Large, Women's Floral Halter Swimwear Bikini Set Padded Bra Bikini Swimsuit S~L, WIIPU sexy 3 row waist belly chain/Waist Chain/bikini body chain(wiipu-D245)","Pink Queen Rhinestone Leopard Print Bikini Halter Top Hipster Large, WIIPU sexy 3 row waist belly chain/Waist Chain/bikini body chain(wiipu-D245), Sheer Beach Cover-Up (White or Black), Strappy Flat Sandals (Neutral or Metallic), Stylish Straw Tote Bag"
"Ollio Women's Platform Shoe Faux Suede Stiletto Leopard High Heels Multi Color Pump, WIIPU sexy 3 row waist belly chain/Waist Chain/bikini body chain(wiipu-D245), Women's Feminine Unique Design Lace Chemise &amp; Thong Set - Navy Blue","Women's Feminine Unique Design Lace Chemise & Thong Set - Navy Blue, WIIPU sexy 3 row waist belly chain/Waist Chain/bikini body chain(wiipu-D245), Silk Robe (Matching Color), Satin Slippers, Lace Garter Set"
"Amour Women's Cut Open Slit Hole Opening Faux Leather Ankle Legging, Amour Women's Lace Sheer Mesh Inset Stripes Ankle Length Footless Legging, Vip Boutique Cross Printed Leggings","Amour Women's Cut Open Slit Hole Opening Faux Leather Ankle Legging, Amour Women's Lace Sheer Mesh Inset Stripes Ankle Length Footless Legging, Black Crop Top or Bodysuit, Leather Jacket or Sheer Duster, Ankle Boots or Stilettos"
"Light Shamrock Green Frog Toad Animal Pendant Necklace Charm Fashion Jewelry, Vintage Antique Inspired Costume Jewelry Emerald Frog Toad Finger Ring size 7, Hematite Skull Ring Bracelet","Light Shamrock Green Frog Toad Animal Pendant Necklace Charm Fashion Jewelry, Vintage Antique Inspired Costume Jewelry Emerald Frog Toad Finger Ring size 7, Matching Frog or Nature-Inspired Earrings, Green or Emerald-Colored Bracelet"
"Teal Ceramic Style Silicone Gel Band Crystal Bezel Women's Watch, Caiqi 519 Women's Quartz Wrist Watch Leopard Patterned Red, Geneva Platinum CZ Accented Silicone Link Watch, Large Face, Pink Blue 2 Pack Geneva Crystal Rhinestone Large Face Watch with Silicone Jelly Link Band, Geneva Platinum CZ Accented Silicone Link Watch, Large Face","Teal Ceramic Style Silicone Gel Band Crystal Bezel Women's Watch, Geneva Platinum CZ Accented Silicone Link Watch, Large Face, Pink Blue 2 Pack, Silver or Gold-Tone Metal Bracelet Watch, Matching Watch Storage Box or Organizer"
"totes ISOTONER Womens Microterry Center Crossover Slide Slipper, Stride Rite Cooper H&amp;L Uniform Sneaker (Toddler/Little Kid/Big Kid), Skechers Reggae Drum Beat Womens Sandals Natural 9","ISOTONER Womens Microterry Center Crossover Slide Slipper, Skechers Reggae Drum Beat Womens Sandals Natural 9, Casual Women’s Sneakers, Foot Care Set (Lotion, Heel Balm, or Pedicure Kit)"
"Cinderella Wand, Disney's Cinderella Cinderella Deluxe - Size: Child M(7 - 8)","Cinderella Wand, Disney's Cinderella Deluxe Costume - Size: Child M(7 - 8), Cinderella Glass Slippers, Cinderella Tiara, Light Blue Satin Gloves"
".925 Sterling Silver Claddagh Ring with Blue Sapphire Cz Heart Stone Size 3,4,5,6,7,8,9,10; Comes with Free Gift Box, Sterling Silver Twin Heart Baby Ring with Amethyst CZ Stone - February Birthstone",".925 Sterling Silver Claddagh Ring with Blue Sapphire CZ Heart Stone, Sterling Silver Twin Heart Baby Ring with Amethyst CZ Stone, Sterling Silver Birthstone Pendant Necklace, Sterling Silver Stud Earrings with CZ Stones, Jewelry Polishing Cloth"
"Rich &amp; Skinny Women's Tuxedo Skinny Jean, Stratus, 28, 7 For All Mankind Women's Slim Cigarette Jean, DL1961 Women's Toni Cropped Jean in Rivington, Rivington, 29, DL1961 Women's Angel Skinny Ankle Jean in Iris","7 For All Mankind Women's Slim Cigarette Jean, DL1961 Women's Toni Cropped Jean in Rivington, Classic Denim Jacket, Basic White Cotton Tee, Casual Leather Belt"
"Nine West Zipster Tab Cross Body,Miami Blue,One Size, LeSportsac Shellie Cross Body,White Debossed,One Size","Nine West Zipster Tab Cross Body, Miami Blue, Compact Leather Wallet, Keychain Wristlet, Sunglasses with Case"
"O-stone Wishing Bead Necklace Series Golden Obsidian Pendant Grounding Stone Protection Amulet, K Mega Jewelry Royal Phoenix Stainless Steel Mens Dog Tag Pendant [Jewelry]","O-stone Wishing Bead Necklace Series Golden Obsidian Pendant, Bracelet with Grounding Stones, Pendant Display Stand, Protection Amulet Keychain"
"Jake and the Never Land Pirates Toddler Boys Cotton Pajama Set (5T), Angry Bird Star Wars 4 Piece Pajama Set","Jake and the Never Land Pirates Toddler Boys Cotton Pajama Set, Character Bedtime Storybook, Slippers with Jake and the Never Land Pirates Design, Pirate Themed Blanket"
"Vans Kids VANS CLASSIC SLIP-ON SKATE SHOES, Jake and the Never Land Pirates Toddler Boys Cotton Pajama Set (5T), Angry Bird Star Wars 4 Piece Pajama Set, Batman Boys Toddler and Boys Character Short Sleeve Shortie Pajamas size 5T Red","Jake and the Never Land Pirates Toddler Boys Cotton Pajama Set (5T), Vans Kids VANS CLASSIC SLIP-ON SKATE SHOES, Jake and the Never Land Pirates themed slippers, Pirate Themed Blanket, Character Bedtime Storybook"
"Jake and the Never Land Pirates Toddler Boys Cotton Pajama Set (5T), Angry Bird Star Wars 4 Piece Pajama Set, Batman Boys Toddler and Boys Character Short Sleeve Shortie Pajamas size 5T Red","Jake and the Never Land Pirates Toddler Boys Cotton Pajama Set (5T), Jake and the Never Land Pirates slippers, Pirate-themed pillow, Character bedtime storybook"
"New Winter fashion Women Beret Braided Baggy Beanie Crochet Knitted Hat Cap, Nine West 9s Jacquard Shopper Satchel Handbag, AMC Men's Sleeve Varsity Drawstring Hoodie with Pockets, GOYESTORE(TM)Womens Mens POM-POM Winter Knit Beanie Cap Hat Crochet Ski Baggy Knit Beany (Red), Superman DC Comics Super Mom Adult T-Shirt Tee","New Winter fashion Women Beret Braided Baggy Beanie Crochet Knitted Hat Cap, AMC Men's Sleeve Varsity Drawstring Hoodie with Pockets, Nine West 9s Jacquard Shopper Satchel Handbag, Winter boots, Thermal leggings, Cashmere scarf"
"New Winter fashion Women Beret Braided Baggy Beanie Crochet Knitted Hat Cap, GOYESTORE(TM)Womens Mens POM-POM Winter Knit Beanie Cap Hat Crochet Ski Baggy Knit Beany (Red)","New Winter fashion Women Beret Braided Baggy Beanie Crochet Knitted Hat Cap, Winter gloves, Scarf, Boots"
"Celtic Trinity Knot Tree of Life with Sun and Moon Sterling Silver Ring, Sterling Silver Turquoise Rectangle Ring, Sterling Silver Turquoise Triangle Shaped Ring, Nickel Free Sterling Silver Irish Claddagh Friendship and Love Band Celtic Ring w/ Trinity Symbols","Celtic Trinity Knot Tree of Life with Sun and Moon Sterling Silver Ring, Nickel Free Sterling Silver Irish Claddagh Friendship and Love Band Celtic Ring w/ Trinity Symbols, Celtic-themed pendant, Celtic bracelet"
"Celtic Trinity Knot Tree of Life with Sun and Moon Sterling Silver Ring, Sterling Silver Turquoise Rectangle Ring, Sterling Silver Turquoise Triangle Shaped Ring, Nickel Free Sterling Silver Irish Claddagh Friendship and Love Band Celtic Ring w/ Trinity Symbols, Pewter Irish Shamrock Kilt Pin, Kendra Scott &quot;Signature&quot; Danielle Drop Earrings","Celtic Trinity Knot Tree of Life with Sun and Moon Sterling Silver Ring, Nickel Free Sterling Silver Irish Claddagh Friendship and Love Band Celtic Ring w/ Trinity Symbols, Pewter Irish Shamrock Kilt Pin, Celtic-themed necklace, Celtic bracelet"
"KONOV Jewelry Vintage Stainless Steel Gothic Skull Biker Mens Ring, Black Silver, KONOV Jewelry Gothic Skull Cubic Zirconia Stainless Steel Men's Biker Ring, Silver Black, KONOV Jewelry Stainless Steel Gothic Biker Men's Ring","KONOV Jewelry Vintage Stainless Steel Gothic Skull Biker Mens Ring, Black Silver, Gothic biker bracelet, Gothic biker necklace"
"KONOV Jewelry Mens Bracelet Bangle, Stainless Steel Rubber, Color Black Silver, JBlue Jewelry Men's Large Alloy Leather Bracelet Bangle Brown Rock (with Gift Bag), JBlue Jewelry Genuine Black Leather Bangle Bracelet, KONOV Jewelry Stainless Steel Rubber Bracelet for Unisex Mens Womens - Black Silver - 8.8 Inch","KONOV Jewelry Mens Bracelet Bangle, Stainless Steel Rubber, Color Black Silver, JBlue Jewelry Genuine Black Leather Bangle Bracelet, Woven Leather Bracelet for Men"
"KONOV Jewelry Mens Bracelet Bangle, Stainless Steel Rubber, Color Black Silver, KONOV Jewelry Vintage Stainless Steel Gothic Skull Biker Mens Ring, Black Silver, JBlue Jewelry Men's Large Alloy Leather Bracelet Bangle Brown Rock (with Gift Bag), JBlue Jewelry Genuine Black Leather Bangle Bracelet, KONOV Jewelry Gothic Skull Cubic Zirconia Stainless Steel Men's Biker Ring, Silver Black, KONOV Jewelry Stainless Steel Rubber Bracelet for Unisex Mens Womens - Black Silver - 8.8 Inch, KONOV Jewelry Stainless Steel Gothic Biker Men's Ring","KONOV Jewelry Mens Bracelet Bangle, Stainless Steel Rubber, Color Black Silver, KONOV Jewelry Vintage Stainless Steel Gothic Skull Biker Mens Ring, Black Silver, JBlue Jewelry Genuine Black Leather Bangle Bracelet, Pewter Skull Pendant Necklace, KONOV Jewelry Stainless Steel Rubber Bracelet for Unisex Mens Womens - Black Silver - 8.8 Inch"
"Antique Necklace Crystal Statement Jewelry Chunky Bubble Necklace (Fn0634), Vintage Golden Chain Jewelry Hollow Floral Adorned Pendant Necklace, Dp Ribbon Luxury White Big Rhinestone Crystal Collar Bib Statement Necklace, Fashion Golden Chain 3 Row White Resin Beads White Crystal Bib Necklace, Fashion Silver Chain White Rhinestone Bunch Pendant Bib Statement Necklace, Retro Environmental Protection Alloy Colorful Acrylic Pendant Necklace","Antique Necklace Crystal Statement Jewelry Chunky Bubble Necklace (Fn0634), Vintage Golden Chain Jewelry Hollow Floral Adorned Pendant Necklace, Dp Ribbon Luxury White Big Rhinestone Crystal Collar Bib Statement Necklace, Retro Environmental Protection Alloy Colorful Acrylic Pendant Necklace, Simple Gold Chain Crystal Pendant Necklace"
"Patty Women's Polo Collar V-Neck Long Sleeve Stretch Pullover Blouse, PattyBoutik Boat Neck O Ring Cut Out Shoulder 3/4 Sleeve Blouse Top","PattyBoutik Boat Neck O Ring Cut Out Shoulder 3/4 Sleeve Blouse Top, Classic Button-Up Blouse, Chic Peplum Top"
"The Hunger Games Movie Bag Clip &quot;District 12&quot;, NECA The Hunger Games: Catching Fire Mockingjay Pin Prop Replica, Mens Black Stainless Steel Rosary Necklace with Cross - 32&quot;","The Hunger Games Movie Bag Clip ""District 12"", NECA The Hunger Games: Catching Fire Mockingjay Pin Prop Replica, Hunger Games Tribute Themed Bracelet"
"The Hunger Games Movie Bag Clip &quot;District 12&quot;, Mens Black Stainless Steel Rosary Necklace with Cross - 32&quot;","The Hunger Games Movie Bag Clip ""District 12"", NECA The Hunger Games: Catching Fire Mockingjay Pin Prop Replica, Hunger Games Tribute Themed Bracelet"
"BEARPAW Women's Bristol Boot, Asics Gel Triangles Women's Running Shoes","BEARPAW Women's Bristol Boot, Winter Gloves, Wool Scarf"
"Biopierce Push-in Top Labrets Retainers - 14g 5/16&quot; Length - Sold As Pairs, BEARPAW Women's Bristol Boot, Asics Gel Triangles Women's Running Shoes","Asics Gel Triangles Women's Running Shoes, Gym Bag, Running Leggings"
"925 Sterling Silver CZ Cubic Zirconia Diamond Small Flip-Flop Slipper Shoes Post Stud Earrings 15 mm, 925 Oxidized Sterling Silver Tiny &quot;I Love You&quot; Hand Sign Symbol Post Stud Earrings 10 mm","925 Sterling Silver CZ Cubic Zirconia Diamond Small Flip-Flop Slipper Shoes Post Stud Earrings, Matching Sterling Silver Necklace, Jewelry Cleaning Cloth"
"Funtasma by Pleaser Women's Gangster-15 Platform Oxford, Dr. Scholl's Women's Dance Clog, Easy Spirit Women's Traveltime Fashion Sneaker, T.U.K. Women's A8189L Pump","Funtasma by Pleaser Women's Gangster-15 Platform Oxford, T.U.K. Women's A8189L Pump, Fashion Handbag"
"Funtasma by Pleaser Women's Gangster-15 Platform Oxford, T.U.K. Women's A8189L Pump","Dr. Scholl's Women's Dance Clog, Easy Spirit Women's Traveltime Fashion Sneaker, Gel Insoles"
"Easy Spirit Women's Traveltime Fashion Sneaker, Skechers Kids 10304L S LIGHTS - Lite Dreamz II Sneaker with blinking lights (Little Kid), Delfin Spa Women's Bio Energy High Waisted Exercise Shorts","Easy Spirit Women's Traveltime Fashion Sneaker, Delfin Spa Women's Bio Energy High Waisted Exercise Shorts, Athletic Sports Bra, Water Bottle"
"Easy Spirit Women's Traveltime Fashion Sneaker, Skechers Kids 10304L S LIGHTS - Lite Dreamz II Sneaker with blinking lights (Little Kid), eVogues Gray Deep cut v-neck Hoodie top","Easy Spirit Women's Traveltime Fashion Sneaker, eVogues Gray Deep Cut V-Neck Hoodie Top, Athletic Socks, Casual Leggings"
"Funtasma by Pleaser Women's Gangster-15 Platform Oxford, eVogues Gray Deep cut v-neck Hoodie top","eVogues Gray Deep Cut V-Neck Hoodie Top, Casual Sneakers, Athletic Leggings"
"Sterling Silver Swarovski Elements Crystal Aurora Borealis Large Rondelle Drop Earrings, Classical 925 Sterling Silver 9.0mm White Pearl Women Pendant + Chain with Cubic Zirconia/CZ, Myia Passiello &quot;Timeless&quot; Swarovski Zirconia Round Halo Ring, Sterling Silver Clear AB Crystal Dangle Earrings Made with Swarovski&reg; Elements, Sterling Silver 9mm Shell Pearl and Cubic Zirconia Ring, 14 Karat Gold Plated Amethyst Earrings","Classical 925 Sterling Silver 9.0mm White Pearl Women Pendant + Chain with Cubic Zirconia/CZ, Myia Passiello ""Timeless"" Swarovski Zirconia Round Halo Ring, Sterling Silver Clear AB Crystal Dangle Earrings Made with Swarovski® Elements, Elegant Statement Necklace (optional)"
"Sterling Silver Swarovski Elements Crystal Aurora Borealis Large Rondelle Drop Earrings, Sterling Silver Clear AB Crystal Dangle Earrings Made with Swarovski&reg; Elements, 14 Karat Gold Plated Amethyst Earrings","Sterling Silver Clear AB Crystal Dangle Earrings Made with Swarovski® Elements, 14 Karat Gold Plated Amethyst Earrings, Elegant Statement Necklace (optional)"
"Myia Passiello &quot;Timeless&quot; Swarovski Zirconia Round Halo Ring, Sterling Silver 9mm Shell Pearl and Cubic Zirconia Ring","Myia Passiello ""Timeless"" Swarovski Zirconia Round Halo Ring, Matching Elegant Earrings (optional)"
"Sterling Silver Swarovski Elements Crystal Aurora Borealis Large Rondelle Drop Earrings, Classical 925 Sterling Silver 9.0mm White Pearl Women Pendant + Chain with Cubic Zirconia/CZ, Myia Passiello &quot;Timeless&quot; Swarovski Zirconia Round Halo Ring, Dearfoams Women's 320 Slipper, Sterling Silver Clear AB Crystal Dangle Earrings Made with Swarovski&reg; Elements, Sterling Silver 9mm Shell Pearl and Cubic Zirconia Ring, 14 Karat Gold Plated Amethyst Earrings","Myia Passiello ""Timeless"" Swarovski Zirconia Round Halo Ring, Sterling Silver Swarovski Elements Crystal Aurora Borealis Large Rondelle Drop Earrings, Sterling Silver 9mm Shell Pearl and Cubic Zirconia Ring, Classical 925 Sterling Silver 9.0mm White Pearl Women Pendant + Chain with Cubic Zirconia/CZ"
"Penny Loves Kenny Women's Harper Fashion Sneaker, Western Chief Women's Ladybug Rain Boot,Red,6 M",Penny Loves Kenny Women's Harper Fashion Sneaker
"U.S. Polo Assn. Juniors Puffer Jacket with Faux Fur-Trimmed Hood, U.S. Polo Assn. Men's Short Snorkel Coat with Small Pony, PUMA Tune Cat B V Kids Sneaker (Toddler/Little Kid), U.S. Polo Assn. Juniors Classic Hooded Solid Vest, U.S. Polo Assn. Juniors Hooded Vest with Toggles and Zipper Closure, Black, Large, D&amp;K Thick Fleece Full Leggings","U.S. Polo Assn. Juniors Puffer Jacket with Faux Fur-Trimmed Hood, U.S. Polo Assn. Men's Short Snorkel Coat with Small Pony, PUMA Tune Cat B V Kids Sneaker (Toddler/Little Kid), D&K Thick Fleece Full Leggings"
"U.S. Polo Assn. Juniors Puffer Jacket with Faux Fur-Trimmed Hood, U.S. Polo Assn. Juniors Classic Hooded Solid Vest, U.S. Polo Assn. Juniors Hooded Vest with Toggles and Zipper Closure, Black, Large, D&amp;K Thick Fleece Full Leggings","U.S. Polo Assn. Juniors Puffer Jacket with Faux Fur-Trimmed Hood, D&K Thick Fleece Full Leggings"
"Jessica Simpson Women's Cap Sleeve Dress, Heart Poinciana, 6, Jessica Simpson Women's Tank Dress, Copan Algiers Blue, 6, Donna Morgan Women's Sleeveless Dress with Front Slit and Full Skirt, Kinetic Blue Multi, 6","Jessica Simpson Women's Cap Sleeve Dress, Heart Poinciana, 6, Donna Morgan Women's Sleeveless Dress with Front Slit and Full Skirt, Kinetic Blue Multi, 6"
"Deluxe Adult Next Generation Red Shirt Costume, Star Trek - TNG I'm Number One Men's T-Shirt","Deluxe Adult Next Generation Red Shirt Costume, Star Trek - TNG I'm Number One Men's T-Shirt, Star Trek communicator badge, Star Trek phaser toy"
"Aerosoles Women's Wip Away Sandal, Bass Women's Sharon Sandal","Aerosoles Women's Wip Away Sandal, sunglasses, summer dress, beach tote bag"
"Pear Drop Austrian Crystal Dangle Earrings for Women Purple 1038801, Sterling Silver, Marcasite, and Blue Epoxy Tree of Life Pendant Necklace, 18&quot;, Eternal Love Teardrop Austrian Crystal Pendant Necklace - Ocean Blue Large Crystal 17.5&quot; Chain 2101401","Pear Drop Austrian Crystal Dangle Earrings for Women Purple 1038801, Sterling Silver, Marcasite, and Blue Epoxy Tree of Life Pendant Necklace, 18"", matching bracelet, matching ring, jewelry box"
"Aerosoles Women's Wip Away Sandal, Bass Women's Sharon Sandal","Bass Women's Sharon Sandal, beach tote bag, comfortable flip-flops"
"L*Space Women's L*Novelties Hipster Bikini Bottom, ViX Women's Carioca Bia Tube Bikini Top, Kenneth Cole Reaction Women's Under The Sun Bandeau One Piece","L*Space Women's L*Novelties Hipster Bikini Bottom, ViX Women's Carioca Bia Tube Bikini Top, Kenneth Cole Reaction Women's Under The Sun Bandeau One Piece, beach towel, flip-flops"
"L*Space Women's L*Novelties Hipster Bikini Bottom, ViX Women's Carioca Vintage Tunic, ViX Women's Carioca Bia Tube Bikini Top, Kenneth Cole Reaction Women's Under The Sun Bandeau One Piece","L*Space Women's L*Novelties Hipster Bikini Bottom, ViX Women's Carioca Vintage Tunic, ViX Women's Carioca Bia Tube Bikini Top, Kenneth Cole Reaction Women's Under The Sun Bandeau One Piece, flip-flops, beach towel, beach bag"
"Mundi Suburban Rio Checkbook Wallet W Frame, Le Donne Leather Top Zip Front Slip Shoulder Bag, Le Donne Leather Two Pocket Crossbody, Le Donne Leather Cross Body Town Bag, Le Donne Leather L-Zip Crossbody","Mundi Suburban Rio Checkbook Wallet W Frame, Le Donne Leather Top Zip Front Slip Shoulder Bag, Le Donne Leather Two Pocket Crossbody, tote bag, cardholder, keychain"
"Breckelles DORADO-11 Women's western style ankle bootie on chunky heels with PU upper and size zipper, Steve Madden Women's Shakkerr Boot, Cowgirl Bootie","Breckelles DORADO-11 Women's western style ankle bootie on chunky heels with PU upper and size zipper, Steve Madden Women's Shakkerr Boot, boot socks, western-style handbag"
"Black Green Amber Sterling Silver Antique Style Celtic Pendant, Sterling Silver Earring Backs (Earnuts) Butterfly Clutches (20)","Black Green Amber Sterling Silver Antique Style Celtic Pendant, Celtic-themed earrings, Celtic-themed bracelet"
"Disney Baby-Girls Newborn Minnie Mouse My First Christmas Sleep And Play Romper, Disney Baby-Boys Newborn Mickey Mouse My First Christmas Romper","Disney Baby-Girls Newborn Minnie Mouse My First Christmas Sleep And Play Romper, Christmas-themed newborn socks, matching hat, Minnie Mouse plush toy"
