Clothing,Electronic,Food
different style of Top,Storage Devices,Asian food products
swimsuit,Batteries,Seaweed
Lingerie and sexy accessories,Local area network for home or office,Furikake
Leggings with different styles,Car sound system and radio set up,sweet
different style of bracelet,Based on the high demand.,cup coffee
different style of watches,Memory Related,different candy
All 3 are under shoes category ,upgrading personal computer desktop\n,Fruit Leather
Cinderella Child Costume,assembling a desktop,Teas
Rings,Computers,feed baby
different style of jeans,Camera and its equipments,Vermont Organics Soy-Based Organic Infant Formu...
different style of bags,Camera,\nTRADITIONAL SNACKS\n
Necklace,chargers,vegetables
Girls pant &Shirts,tablet,drinks
for babies wear,splitters,They are complementary granola/topping
pajama set,external storage,Different food for baking
fashion,Power strip adopters ,Different food for cooking
Winter caps with different colors,servers,"Spicy World Crushed Mint Leaves, 3.5-Ounce Bags..."
womens rings in different styles,Led Light,seasonings
womens jewelery,Cables/Cords,Different food for drinking
Ring,Travel,Coffee
Bangle/bracelet,Multiple Charger,FOOD
Men's Jewelry,assembling a desktop,coffee
Necklace with different style,connecting pins,Fruit snacks
boat neck sleeve blouse and long sleeve stretch...,mobile purpuse,Sweet cookies 
the hunger game and Men black necklace and clot...,Item 2 may be useful to charge item 6 battery,Crackers
jewelry,protecting smartphone,Pasta
boot,Headsets and hardware to use it.,Cooking & Baking
men's shoe,Headphones and speakers,Different food for cooking
super,Music player,Butter cookie
Women's footwear,Listening to/Viewing media,breakfast
Pumps,Pad Cover ,Candy Bars
Sports,video editing,Canned goods
Workout outfit,RCA To usb,Baking goods
Possible night out party wear,Photography,Seasoning (Salt and sugar)
Jewelry ,protecting a Mac product,Different food for drinking
Earings,cable ,Noodles
Rings,Home theatre laptop based,different candy
"ring,earing,chain related to women",Accesories for music and video player,seeds
women sneakers and boots,Headphones and headphone accessories,fruits
"1,3,4,5,6 are relavant",2,bundle 1
Women's outfit to keep warm with fleece legging...,Dual-Band Wireless slightly same product,snacks
WOMEN SLEEVE AND SLEEVELESS DRESS,wireless internet setup,Good2Grow Fruit Juice
Shirt,HDMI Switcher,Coconut milk
SLIPPER,This both product are connected each other for ...,Heath conscience beverages
Earrings and pendants set,different adaptors,Oils
women's sandals,different battery,Baking ingredients
Bikini items ,To buy a usb ,Mother Earth Products
underwear,Bluetooth Adapter,Whole Milk Powders
different style of bags,different hard drive,garlic and chives
different style of boot,camera accessories,Nuts
various costume jewellery items,Items for q camera to work. Along with a camera,Healthy snacks
Baby dress,mouse,Spices
